<?xml version="1.0" encoding="UTF-8"?>
<weblogic-web-app
    xmlns="http://xmlns.oracle.com/weblogic/weblogic-web-app"
    xmlns:xsi="http://www.w3.org/2001/XMLSchema-instance"
    xsi:schemaLocation="http://xmlns.oracle.com/weblogic/weblogic-web-app http://xmlns.oracle.com/weblogic/weblogic-web-app/1.1/weblogic-web-app.xsd"
    >
    <library-ref>
        <library-name>jsf</library-name>
        <specification-version>1.2</specification-version>
        <implementation-version>1.2</implementation-version>
        <exact-match>false</exact-match>
    </library-ref>
</weblogic-web-app>